{
   "results" : [
      {
         "address_components" : [
            {
               "long_name" : "Kaubamaja",
               "short_name" : "Kaubamaja",
               "types" : [ "point_of_interest", "establishment" ]
            },
            {
               "long_name" : "Tartu",
               "short_name" : "Tartu",
               "types" : [ "locality", "political" ]
            },
            {
               "long_name" : "Tartu maakond",
               "short_name" : "Tartu maakond",
               "types" : [ "administrative_area_level_1", "political" ]
            },
            {
               "long_name" : "Estonia",
               "short_name" : "EE",
               "types" : [ "country", "political" ]
            },
            {
               "long_name" : "51004",
               "short_name" : "51004",
               "types" : [ "postal_code" ]
            }
         ],
         "formatted_address" : "Kaubamaja, 51004 Tartu, Estonia",
         "geometry" : {
            "location" : {
               "lat" : 58.37763099999999,
               "lng" : 26.727978
            },
            "location_type" : "APPROXIMATE",
            "viewport" : {
               "northeast" : {
                  "lat" : 58.3789799802915,
                  "lng" : 26.7293269802915
               },
               "southwest" : {
                  "lat" : 58.37628201970848,
                  "lng" : 26.7266290197085
               }
            }
         },
         "place_id" : "ChIJa9qEQt4260YRTCCNeSnqlyQ",
         "types" : [
            "bus_station",
            "transit_station",
            "point_of_interest",
            "establishment"
         ]
      }
   ],
   "status" : "OK"
}