{
   "results" : [
      {
         "address_components" : [
            {
               "long_name" : "1",
               "short_name" : "1",
               "types" : [ "street_number" ]
            },
            {
               "long_name" : "Riia",
               "short_name" : "Riia",
               "types" : [ "route" ]
            },
            {
               "long_name" : "Tartu",
               "short_name" : "Tartu",
               "types" : [ "locality", "political" ]
            },
            {
               "long_name" : "Tartu linn",
               "short_name" : "Tartu linn",
               "types" : [ "administrative_area_level_2", "political" ]
            },
            {
               "long_name" : "Tartu maakond",
               "short_name" : "Tartu maakond",
               "types" : [ "administrative_area_level_1", "political" ]
            },
            {
               "long_name" : "Eesti",
               "short_name" : "EE",
               "types" : [ "country", "political" ]
            },
            {
               "long_name" : "51004",
               "short_name" : "51004",
               "types" : [ "postal_code" ]
            }
         ],
         "formatted_address" : "Riia 1, 51004 Tartu, Eesti",
         "geometry" : {
            "location" : {
               "lat" : 58.377769,
               "lng" : 26.7278297
            },
            "location_type" : "ROOFTOP",
            "viewport" : {
               "northeast" : {
                  "lat" : 58.37911798029151,
                  "lng" : 26.7291786802915
               },
               "southwest" : {
                  "lat" : 58.3764200197085,
                  "lng" : 26.7264807197085
               }
            }
         },
         "place_id" : "ChIJ8fiXad4260YRg_EQtYDwVn0",
         "types" : [ "street_address" ]
      },
      {
         "address_components" : [
            {
               "long_name" : "Kaubamaja",
               "short_name" : "Kaubamaja",
               "types" : [ "point_of_interest", "establishment" ]
            },
            {
               "long_name" : "Tartu",
               "short_name" : "Tartu",
               "types" : [ "locality", "political" ]
            },
            {
               "long_name" : "Tartu maakond",
               "short_name" : "Tartu maakond",
               "types" : [ "administrative_area_level_1", "political" ]
            },
            {
               "long_name" : "Eesti",
               "short_name" : "EE",
               "types" : [ "country", "political" ]
            },
            {
               "long_name" : "51004",
               "short_name" : "51004",
               "types" : [ "postal_code" ]
            }
         ],
         "formatted_address" : "Kaubamaja, 51004 Tartu, Eesti",
         "geometry" : {
            "location" : {
               "lat" : 58.37763099999999,
               "lng" : 26.727978
            },
            "location_type" : "APPROXIMATE",
            "viewport" : {
               "northeast" : {
                  "lat" : 58.3789799802915,
                  "lng" : 26.7293269802915
               },
               "southwest" : {
                  "lat" : 58.37628201970848,
                  "lng" : 26.7266290197085
               }
            }
         },
         "place_id" : "ChIJa9qEQt4260YRTCCNeSnqlyQ",
         "types" : [
            "bus_station",
            "transit_station",
            "point_of_interest",
            "establishment"
         ]
      },
      {
         "address_components" : [
            {
               "long_name" : "Tartu",
               "short_name" : "Tartu",
               "types" : [ "locality", "political" ]
            },
            {
               "long_name" : "Tartu linn",
               "short_name" : "Tartu linn",
               "types" : [ "administrative_area_level_2", "political" ]
            },
            {
               "long_name" : "Tartu maakond",
               "short_name" : "Tartu maakond",
               "types" : [ "administrative_area_level_1", "political" ]
            },
            {
               "long_name" : "Eesti",
               "short_name" : "EE",
               "types" : [ "country", "political" ]
            }
         ],
         "formatted_address" : "Tartu, Eesti",
         "geometry" : {
            "bounds" : {
               "northeast" : {
                  "lat" : 58.4109399,
                  "lng" : 26.798116
               },
               "southwest" : {
                  "lat" : 58.33902,
                  "lng" : 26.667076
               }
            },
            "location" : {
               "lat" : 58.3776252,
               "lng" : 26.7290063
            },
            "location_type" : "APPROXIMATE",
            "viewport" : {
               "northeast" : {
                  "lat" : 58.4109399,
                  "lng" : 26.798116
               },
               "southwest" : {
                  "lat" : 58.33902,
                  "lng" : 26.667076
               }
            }
         },
         "place_id" : "ChIJ9z1d1dg260YREG38GG2zAAQ",
         "types" : [ "locality", "political" ]
      },
      {
         "address_components" : [
            {
               "long_name" : "51004",
               "short_name" : "51004",
               "types" : [ "postal_code" ]
            },
            {
               "long_name" : "Tartu",
               "short_name" : "Tartu",
               "types" : [ "locality", "political" ]
            },
            {
               "long_name" : "Tartu linn",
               "short_name" : "Tartu linn",
               "types" : [ "administrative_area_level_2", "political" ]
            },
            {
               "long_name" : "Tartu maakond",
               "short_name" : "Tartu maakond",
               "types" : [ "administrative_area_level_1", "political" ]
            },
            {
               "long_name" : "Eesti",
               "short_name" : "EE",
               "types" : [ "country", "political" ]
            }
         ],
         "formatted_address" : "51004 Tartu, Eesti",
         "geometry" : {
            "bounds" : {
               "northeast" : {
                  "lat" : 58.3814129,
                  "lng" : 26.739724
               },
               "southwest" : {
                  "lat" : 58.370439,
                  "lng" : 26.7223218
               }
            },
            "location" : {
               "lat" : 58.37573519999999,
               "lng" : 26.7310964
            },
            "location_type" : "APPROXIMATE",
            "viewport" : {
               "northeast" : {
                  "lat" : 58.3814129,
                  "lng" : 26.739724
               },
               "southwest" : {
                  "lat" : 58.370439,
                  "lng" : 26.7223218
               }
            }
         },
         "place_id" : "ChIJp8Jpkd4260YRMBSiLnCzABw",
         "types" : [ "postal_code" ]
      },
      {
         "address_components" : [
            {
               "long_name" : "Tartu linn",
               "short_name" : "Tartu linn",
               "types" : [ "administrative_area_level_2", "political" ]
            },
            {
               "long_name" : "Tartu maakond",
               "short_name" : "Tartu maakond",
               "types" : [ "administrative_area_level_1", "political" ]
            },
            {
               "long_name" : "Eesti",
               "short_name" : "EE",
               "types" : [ "country", "political" ]
            }
         ],
         "formatted_address" : "Tartu linn, Tartu maakond, Eesti",
         "geometry" : {
            "bounds" : {
               "northeast" : {
                  "lat" : 58.4109399,
                  "lng" : 26.798116
               },
               "southwest" : {
                  "lat" : 58.33902,
                  "lng" : 26.667076
               }
            },
            "location" : {
               "lat" : 58.36069739999999,
               "lng" : 26.7277568
            },
            "location_type" : "APPROXIMATE",
            "viewport" : {
               "northeast" : {
                  "lat" : 58.4109399,
                  "lng" : 26.798116
               },
               "southwest" : {
                  "lat" : 58.33902,
                  "lng" : 26.667076
               }
            }
         },
         "place_id" : "ChIJJR1n1dg260YR9g9jAMx3CWs",
         "types" : [ "administrative_area_level_2", "political" ]
      },
      {
         "address_components" : [
            {
               "long_name" : "Tartu maakond",
               "short_name" : "Tartu maakond",
               "types" : [ "administrative_area_level_1", "political" ]
            },
            {
               "long_name" : "Eesti",
               "short_name" : "EE",
               "types" : [ "country", "political" ]
            }
         ],
         "formatted_address" : "Tartu maakond, Eesti",
         "geometry" : {
            "bounds" : {
               "northeast" : {
                  "lat" : 58.682793,
                  "lng" : 27.5323021
               },
               "southwest" : {
                  "lat" : 58.113041,
                  "lng" : 26.078548
               }
            },
            "location" : {
               "lat" : 58.40571279999999,
               "lng" : 26.8015761
            },
            "location_type" : "APPROXIMATE",
            "viewport" : {
               "northeast" : {
                  "lat" : 58.682793,
                  "lng" : 27.5323021
               },
               "southwest" : {
                  "lat" : 58.113041,
                  "lng" : 26.078548
               }
            }
         },
         "place_id" : "ChIJBWDePa0260YR0GD8GG2zAAM",
         "types" : [ "administrative_area_level_1", "political" ]
      },
      {
         "address_components" : [
            {
               "long_name" : "Eesti",
               "short_name" : "EE",
               "types" : [ "country", "political" ]
            }
         ],
         "formatted_address" : "Eesti",
         "geometry" : {
            "bounds" : {
               "northeast" : {
                  "lat" : 59.700305,
                  "lng" : 28.2101389
               },
               "southwest" : {
                  "lat" : 57.50931600000001,
                  "lng" : 21.7643132
               }
            },
            "location" : {
               "lat" : 58.595272,
               "lng" : 25.013607
            },
            "location_type" : "APPROXIMATE",
            "viewport" : {
               "northeast" : {
                  "lat" : 59.7001516,
                  "lng" : 28.2101389
               },
               "southwest" : {
                  "lat" : 57.50931600000001,
                  "lng" : 21.7643721
               }
            }
         },
         "place_id" : "ChIJ_UuggpyUkkYRwyW0T7qf6kA",
         "types" : [ "country", "political" ]
      }
   ],
   "status" : "OK"
}