{
   "results" : [
      {
         "address_components" : [
            {
               "long_name" : "2",
               "short_name" : "2",
               "types" : [ "street_number" ]
            },
            {
               "long_name" : "Juhan Liivi",
               "short_name" : "Juhan Liivi",
               "types" : [ "route" ]
            },
            {
               "long_name" : "Tartu",
               "short_name" : "Tartu",
               "types" : [ "locality", "political" ]
            },
            {
               "long_name" : "Tartu linn",
               "short_name" : "Tartu linn",
               "types" : [ "administrative_area_level_2", "political" ]
            },
            {
               "long_name" : "Tartu maakond",
               "short_name" : "Tartu maakond",
               "types" : [ "administrative_area_level_1", "political" ]
            },
            {
               "long_name" : "Estonia",
               "short_name" : "EE",
               "types" : [ "country", "political" ]
            },
            {
               "long_name" : "50409",
               "short_name" : "50409",
               "types" : [ "postal_code" ]
            }
         ],
         "formatted_address" : "Juhan Liivi 2, 50409 Tartu, Estonia",
         "geometry" : {
            "location" : {
               "lat" : 58.37824850000001,
               "lng" : 26.7146733
            },
            "location_type" : "ROOFTOP",
            "viewport" : {
               "northeast" : {
                  "lat" : 58.37959748029151,
                  "lng" : 26.7160222802915
               },
               "southwest" : {
                  "lat" : 58.37689951970849,
                  "lng" : 26.71332431970849
               }
            }
         },
         "partial_match" : true,
         "place_id" : "ChIJ8fsLkOE260YRUeeZDmexJlo",
         "types" : [ "street_address" ]
      }
   ],
   "status" : "OK"
}