{
   "destination_addresses" : [ "Lõunakeskus, Räni, 51014 Tartu maakond, Estonia" ],
   "origin_addresses" : [ "Juhan Liivi 2, 50409 Tartu, Estonia" ],
   "rows" : [
      {
         "elements" : [
            {
               "distance" : {
                  "text" : "4.1 km",
                  "value" : 4148
               },
               "duration" : {
                  "text" : "9 mins",
                  "value" : 526
               },
               "status" : "OK"
            }
         ]
      }
   ],
   "status" : "OK"
}