{
   "destination_addresses" : [ "Kaubamaja, 51004 Tartu, Estonia" ],
   "origin_addresses" : [ "Juhan Liivi 2, 50409 Tartu, Estonia" ],
   "rows" : [
      {
         "elements" : [
            {
               "distance" : {
                  "text" : "2.1 km",
                  "value" : 2120
               },
               "duration" : {
                  "text" : "5 mins",
                  "value" : 298
               },
               "status" : "OK"
            }
         ]
      }
   ],
   "status" : "OK"
}