{
   "results" : [
      {
         "address_components" : [
            {
               "long_name" : "Lõunakeskus",
               "short_name" : "Lõunakeskus",
               "types" : [ "point_of_interest", "establishment" ]
            },
            {
               "long_name" : "Räni",
               "short_name" : "Räni",
               "types" : [ "locality", "political" ]
            },
            {
               "long_name" : "Tartu maakond",
               "short_name" : "Tartu maakond",
               "types" : [ "administrative_area_level_1", "political" ]
            },
            {
               "long_name" : "Estonia",
               "short_name" : "EE",
               "types" : [ "country", "political" ]
            },
            {
               "long_name" : "51014",
               "short_name" : "51014",
               "types" : [ "postal_code" ]
            }
         ],
         "formatted_address" : "Lõunakeskus, Räni, 51014 Tartu maakond, Estonia",
         "geometry" : {
            "location" : {
               "lat" : 58.3589343,
               "lng" : 26.6724502
            },
            "location_type" : "APPROXIMATE",
            "viewport" : {
               "northeast" : {
                  "lat" : 58.3602832802915,
                  "lng" : 26.6737991802915
               },
               "southwest" : {
                  "lat" : 58.35758531970849,
                  "lng" : 26.6711012197085
               }
            }
         },
         "place_id" : "ChIJ-3smF3M360YRwhHDuffdarM",
         "types" : [
            "bus_station",
            "transit_station",
            "point_of_interest",
            "establishment"
         ]
      }
   ],
   "status" : "OK"
}